,City,Cloudiness,Country,Date,Humidity,Lat,Lng,Max Temp,Wind Speed
0,Hermanus,2,ZA,1584490056,93,-34.42,19.23,63.0,1.14
1,Sorong,0,ID,1584490130,67,-0.88,131.25,83.21,2.53
2,Rocha,100,UY,1584490131,77,-34.48,-54.33,64.78,10.54
3,Yellowknife,75,CA,1584490006,64,62.46,-114.35,1.99,5.82
4,Talnakh,75,RU,1584489899,92,69.49,88.4,10.4,26.84
5,Arraial do Cabo,90,BR,1584490095,100,-22.97,-42.03,71.6,6.93
6,Najrān,8,SA,1584490136,33,17.49,44.13,77.0,4.7
7,Misratah,60,LY,1584490137,75,32.38,15.09,58.6,22.73
8,Hobyo,22,SO,1584490107,79,5.35,48.53,77.47,11.34
9,Kruisfontein,0,ZA,1584490140,83,-34.0,24.73,62.49,8.39
10,Batesville,90,US,1584490144,81,35.77,-91.64,53.01,4.7
11,Vaini,75,TO,1584489831,94,-21.2,-175.2,77.0,3.36
12,Bara,80,NG,1584490147,10,10.37,10.73,72.7,6.51
13,Bethel,20,US,1584490148,75,41.37,-73.41,51.01,5.82
14,Punta Arenas,75,CL,1584490047,54,-53.15,-70.92,55.4,24.16
15,Nagrām,0,IN,1584490151,87,26.62,81.13,60.8,2.24
16,Mataura,1,NZ,1584490001,74,-46.19,168.86,57.0,5.01
17,Zhigansk,0,RU,1584490153,91,66.77,123.37,-28.52,11.27
18,Cotuí,75,DO,1584490154,100,19.05,-70.15,77.0,11.41
19,Cockburn Town,40,TC,1584490156,64,21.46,-71.14,75.2,11.41
20,Busselton,35,AU,1584489804,93,-33.65,115.33,55.99,17.47
21,Puerto Ayora,20,EC,1584489808,62,-0.74,-90.35,84.2,9.17
22,Ostrovnoy,4,RU,1584490160,96,68.05,39.51,16.77,13.29
23,Sobolevo,82,RU,1584490161,92,54.43,31.9,33.39,7.83
24,Castro,0,BR,1584490004,97,-24.79,-50.01,65.41,5.91
25,Rikitea,4,PF,1584489788,78,-23.12,-134.97,80.71,11.9
26,Traunstein,75,DE,1584490165,93,47.88,12.65,46.4,8.05
27,Nerchinskiy Zavod,26,RU,1584490166,76,51.31,119.61,23.38,10.13
28,Nouakchott,77,MR,1584490125,73,18.09,-15.98,71.6,13.87
29,Shagonar,100,RU,1584490168,87,51.53,92.8,19.83,2.82
30,Cabo San Lucas,75,MX,1584489836,64,22.89,-109.91,75.0,8.05
31,Kawerau,0,NZ,1584490171,53,-38.1,176.7,66.0,1.99
32,Cape Town,8,ZA,1584489770,88,-33.93,18.42,66.99,10.29
33,Beringovskiy,21,RU,1584490173,84,63.05,179.32,32.9,13.42
34,Faanui,100,PF,1584490022,70,-16.48,-151.75,83.43,6.87
35,Bluff,24,NZ,1584490022,74,-46.6,168.33,57.0,5.01
36,Albany,75,US,1584490033,56,42.6,-73.97,46.0,8.05
37,Lagoa,0,PT,1584490178,80,39.05,-27.98,62.58,15.95
38,Tuktoyaktuk,90,CA,1584489985,84,69.45,-133.04,1.4,3.36
39,Andenes,79,NO,1584490155,71,69.31,16.12,35.6,14.99
40,Katsuura,20,JP,1584490100,54,35.13,140.3,55.4,10.29
41,Hilo,90,US,1584489848,83,19.73,-155.09,75.2,11.41
42,Armidale,66,AU,1584490184,59,-30.52,151.65,60.01,4.0
43,Khatanga,89,RU,1584490082,87,71.97,102.5,-14.66,8.01
44,Jalu,0,LY,1584490187,34,29.03,21.55,58.15,11.43
45,Ushuaia,40,AR,1584490039,41,-54.8,-68.3,57.2,16.11
46,Tiksi,89,RU,1584489851,88,71.69,128.87,-30.86,7.9
47,Visby,72,SE,1584490190,81,57.64,18.3,45.0,18.34
48,Kavieng,100,PG,1584490192,77,-2.57,150.8,82.78,13.31
49,Beyneu,97,KZ,1584490193,64,45.32,55.2,39.13,8.46
50,Sitka,40,US,1584490194,65,57.05,-135.33,44.6,16.11
51,Paraná,84,AR,1584490195,97,-31.73,-60.52,71.01,3.0
52,Saint-Philippe,75,RE,1584490196,88,-21.36,55.77,75.2,6.93
53,Airai,0,TL,1584490198,67,-8.93,125.41,72.9,4.52
54,Gudalur,46,IN,1584490199,88,9.68,77.27,71.6,3.31
55,Oranjemund,0,NA,1584490200,94,-28.55,16.43,60.51,5.21
56,Tsiroanomandidy,31,MG,1584490201,95,-18.77,46.03,66.74,3.04
57,Grindavik,90,IS,1584490203,86,63.84,-22.43,32.0,21.92
58,Pevek,100,RU,1584490204,95,69.7,170.31,25.02,11.72
59,Abu Samrah,81,SY,1584490205,85,35.3,37.18,44.85,7.94
60,Ciudad Bolivar,80,VE,1584490207,46,8.12,-63.55,85.42,8.9
61,Van Buren,90,US,1584490046,100,35.44,-94.35,60.8,9.17
62,Zhangjiakou,78,CN,1584490212,25,40.81,114.88,40.19,6.04
63,Nome,90,US,1584490214,92,64.5,-165.41,30.99,10.29
64,Geraldton,93,AU,1584490215,56,-28.77,114.6,68.0,10.29
65,Chernyshevskiy,86,RU,1584490216,96,63.01,112.47,-10.16,4.21
66,Cidreira,96,BR,1584489794,79,-30.18,-50.21,73.58,22.35
67,Bredasdorp,27,ZA,1584490069,77,-34.53,20.04,66.2,6.93
68,Atuona,1,PF,1584490220,73,-9.8,-139.03,82.94,10.04
69,Emerald,0,AU,1584489928,64,-23.53,148.17,77.0,8.05
70,Provideniya,40,RU,1584490222,86,64.38,-173.3,30.2,20.13
71,Tyukhtet,100,RU,1584490224,97,56.54,89.3,31.87,14.99
72,George Town,20,MY,1584489834,83,5.41,100.34,78.8,5.82
73,Chui,100,UY,1584490226,83,-33.7,-53.46,67.77,9.93
74,Qaanaaq,98,GL,1584490227,59,77.48,-69.36,-19.86,6.06
75,Lompoc,75,US,1584490228,50,34.64,-120.46,57.2,4.7
76,Dikson,92,RU,1584489998,100,73.51,80.55,-8.59,6.44
77,Kabinda,100,CD,1584490231,93,-6.13,24.48,68.29,10.67
78,Mae Hong Son,0,TH,1584490232,45,19.3,97.97,60.42,2.04
79,Bonavista,62,CA,1584490090,70,48.65,-53.11,27.09,23.42
80,Lüderitz,0,NA,1584490235,82,-26.65,15.16,60.8,5.82
81,Port Alfred,24,ZA,1584489999,93,-33.59,26.89,64.99,7.99
82,Ankpa,100,NG,1584490237,70,7.37,7.63,81.19,9.48
83,Butaritari,0,KI,1584489879,75,3.07,172.79,83.35,12.68
84,Vuktyl,50,RU,1584490239,94,63.86,57.31,14.18,8.41
85,Ayacucho,20,PE,1584490241,55,-13.16,-74.22,66.2,3.36
86,Maţāy,0,EG,1584490242,62,28.42,30.78,51.91,12.15
87,Houma,40,US,1584490243,78,29.6,-90.72,75.99,6.93
88,Iquitos,75,PE,1584490244,88,-3.75,-73.25,75.2,4.7
89,Jumla,0,NP,1584490246,51,29.27,82.18,30.11,5.57
90,Thompson,5,CA,1584490005,45,55.74,-97.86,5.0,12.75
91,Palmas,20,BR,1584490248,88,-10.21,-48.36,78.8,5.82
92,Pisco,90,PE,1584490250,73,-13.7,-76.22,73.4,18.34
93,Diapaga,32,BF,1584489966,8,12.07,1.79,83.95,5.95
94,East London,66,ZA,1584489913,82,-33.02,27.91,69.53,11.25
95,Turochak,100,RU,1584490253,88,52.26,87.12,34.83,7.11
96,Amapá,96,BR,1584490255,96,1.0,-52.0,72.63,3.38
97,Touros,20,BR,1584490256,83,-5.2,-35.46,80.6,6.93
98,Beloha,47,MG,1584490257,95,-25.17,45.05,66.47,5.79
99,Finnsnes,75,NO,1584490258,88,69.23,17.98,37.4,19.46
100,Altay,32,CN,1584490260,38,47.87,88.12,28.15,5.46
101,Voznesenskoye,2,RU,1584490261,84,54.89,42.76,30.79,7.27
102,São Miguel,20,BR,1584490262,83,-5.47,-35.37,82.4,6.93
103,Alofi,40,NU,1584490263,70,-19.06,-169.92,87.8,13.87
104,Hamilton,1,US,1584490265,57,39.18,-84.53,50.0,3.36
105,Arrondissement de Bastia,6,FR,1584490266,93,42.67,9.33,50.0,4.7
106,Hanzhong,67,CN,1584490267,55,33.07,107.03,52.29,1.1
107,Hithadhoo,65,MV,1584490268,76,-0.6,73.08,84.47,12.73
108,Oudtshoorn,0,ZA,1584490270,87,-33.59,22.2,60.8,4.7
109,Aasiaat,100,GL,1584490271,71,68.71,-52.87,5.34,17.29
110,Opuwo,86,NA,1584490272,83,-18.06,13.84,67.26,6.35
111,Avarua,100,CK,1584490060,88,-21.21,-159.78,80.6,17.22
112,Karratha,7,AU,1584490090,58,-20.74,116.85,88.09,11.12
113,Hobart,75,AU,1584490062,49,-42.88,147.33,71.6,11.41
114,New Norfolk,75,AU,1584490086,49,-42.78,147.06,71.6,11.41
115,Hasaki,20,JP,1584490278,50,35.73,140.83,55.0,10.29
116,Potcoava,3,RO,1584490279,74,44.48,24.65,39.0,8.05
117,Port Hardy,5,CA,1584490196,66,50.7,-127.42,48.2,8.05
118,Russell,1,US,1584490282,77,32.35,-85.2,73.4,2.51
119,Rundu,100,NA,1584490283,94,-17.93,19.77,69.8,9.17
120,Port Moresby,40,PG,1584490211,74,-9.44,147.18,84.2,9.17
121,Churapcha,99,RU,1584490286,93,62.0,132.43,3.13,3.53
122,Jamestown,1,US,1584489818,74,42.1,-79.24,41.0,9.17
123,Yar-Sale,41,RU,1584490288,81,66.83,70.83,9.54,12.71
124,Poum,18,NC,1584490289,75,-20.23,164.02,80.13,15.41
125,Verkhnevilyuysk,86,RU,1584490291,90,63.45,120.32,-9.31,5.39
126,Nikolskoye,75,RU,1584489994,80,59.7,30.79,39.2,11.18
127,Severo-Kuril'sk,100,RU,1584490293,85,50.68,156.12,21.33,23.49
128,Baringo,100,KE,1584490294,68,0.47,35.97,72.3,1.79
129,Chokurdakh,100,RU,1584490051,92,70.63,147.92,-7.1,14.79
130,Ponta do Sol,40,PT,1584490297,67,32.67,-17.1,59.0,21.92
131,Hirara,75,JP,1584490298,72,24.8,125.28,69.8,9.17
132,Kapaa,90,US,1584490020,94,22.08,-159.32,73.4,6.93
133,Poli,75,TZ,1584490300,94,-3.33,36.8,68.0,1.83
134,Oskarshamn,86,SE,1584490302,87,57.26,16.45,46.0,9.17
135,Tasiilaq,100,GL,1584490303,66,65.61,-37.64,15.8,1.12
136,Souillac,40,MU,1584490088,88,-20.52,57.52,77.0,5.35
137,Yenagoa,86,NG,1584490306,89,4.92,6.26,79.07,5.03
138,Oussouye,0,SN,1584490120,83,12.48,-16.55,73.4,6.93
139,Vila Franca do Campo,20,PT,1584490151,82,37.72,-25.43,55.4,3.91
140,Mar del Plata,100,AR,1584489789,88,-38.0,-57.56,66.99,3.36
141,Upernavik,30,GL,1584490311,51,72.79,-56.15,-12.06,6.33
142,Meulaboh,100,ID,1584490026,73,4.14,96.13,79.9,4.76
143,Kalmunai,100,LK,1584490145,77,7.42,81.82,80.67,3.56
144,Ilulissat,96,GL,1584490315,59,69.22,-51.1,3.2,21.92
145,Saskylakh,17,RU,1584490019,79,71.92,114.08,-21.69,10.29
146,Falun,93,SE,1584490317,80,60.6,15.63,42.01,13.87
147,Gongzhuling,99,CN,1584490318,40,43.5,124.82,42.57,17.29
148,Norman Wells,75,CA,1584490319,79,65.28,-126.83,24.8,5.82
149,Batemans Bay,0,AU,1584490321,71,-35.72,150.18,73.0,3.0
150,Belūsovka,90,KZ,1584490322,86,50.13,82.52,37.4,11.18
151,Avera,1,US,1584490323,82,33.19,-82.53,69.8,4.7
152,Longyearbyen,20,SJ,1584490118,68,78.22,15.64,-18.4,5.82
153,Lasem,72,ID,1584490326,79,-6.69,111.45,81.82,6.49
154,Sarangani,74,PH,1584490327,74,5.4,125.46,81.7,20.02
155,Maricá,90,BR,1584490328,94,-22.92,-42.82,78.8,8.05
156,College,90,US,1584490329,50,64.86,-147.8,37.4,3.36
157,Okhotsk,0,RU,1584490331,78,59.38,143.3,6.13,5.17
158,Pemba,40,MZ,1584490332,88,-12.97,40.52,78.8,5.82
159,Batagay,100,RU,1584490326,95,67.63,134.63,-2.76,3.94
160,Kaitangata,2,NZ,1584490334,72,-46.28,169.85,49.21,5.1
161,Port Elizabeth,0,ZA,1584490308,64,-33.92,25.57,69.8,8.05
162,Half Moon Bay,90,US,1584490337,71,37.46,-122.43,57.2,6.93
163,Ribeira Grande,12,PT,1584490048,88,38.52,-28.7,58.6,10.07
164,Diego de Almagro,0,CL,1584490340,52,-26.37,-70.05,59.36,1.77
165,Bagan,60,RU,1584490341,89,54.1,77.66,26.98,15.21
166,Hofn,100,IS,1584490342,88,64.25,-15.21,37.29,2.01
167,São João da Barra,75,BR,1584490343,88,-21.64,-41.05,75.2,13.87
168,Bambous Virieux,40,MU,1584490345,88,-20.34,57.76,77.0,10.16
169,Methóni,0,GR,1584490346,58,36.82,21.7,51.01,10.85
170,Pacific Grove,40,US,1584490347,54,36.62,-121.92,57.0,12.75
171,Harindānga,20,IN,1584490349,88,22.04,88.32,69.8,4.7
172,Abhā,40,SA,1584490350,87,18.22,42.51,62.6,10.29
173,Lokosovo,100,RU,1584490351,93,61.13,74.82,25.45,13.31
174,Haines Junction,45,CA,1584490352,77,60.75,-137.51,25.48,3.06
175,Deli Tua,40,ID,1584490354,100,3.51,98.68,75.2,4.7
176,Cherskiy,100,RU,1584490355,93,68.75,161.3,2.95,13.78
177,Saint George,94,US,1584489901,43,37.1,-113.58,59.0,8.05
178,Kloulklubed,75,PW,1584490206,69,7.04,134.26,82.4,9.17
179,Bayan,85,CN,1584490359,92,46.08,127.4,32.65,2.28
180,Nioro,0,GM,1584490150,43,13.35,-15.75,74.19,11.01
181,Prado,0,BR,1584490361,82,-17.34,-39.22,81.1,10.65
182,Lafayette,1,US,1584490363,88,30.23,-92.07,73.99,8.32
183,Sesheke,98,ZM,1584490364,100,-17.48,24.3,69.8,1.12
184,Viedma,6,AR,1584490365,81,-40.81,-63.0,62.33,13.85
185,Mashhad,40,IR,1584490367,100,36.3,59.61,51.8,4.7
186,Ngunguru,0,NZ,1584490368,50,-35.62,174.5,69.01,7.0
187,Araripina,76,BR,1584490268,94,-7.58,-40.5,69.55,4.14
188,Petropavlovsk-Kamchatskiy,100,RU,1584490370,45,53.05,158.65,26.6,13.42
189,Mahébourg,40,MU,1584490123,88,-20.41,57.7,77.0,5.35
190,Sos'va,0,RU,1584490373,88,59.18,61.86,20.93,6.82
191,Belmonte,40,BR,1584490374,78,-15.86,-38.88,80.6,9.17
192,Fairbanks,90,US,1584490114,50,64.84,-147.72,37.4,3.36
193,Constitución,2,CL,1584490376,91,-35.33,-72.42,55.47,8.03
194,Abay,90,KZ,1584490378,92,49.63,72.85,23.0,11.18
195,Hof,90,DE,1584490379,100,50.32,11.92,45.0,3.87
196,Nanortalik,17,GL,1584490380,55,60.14,-45.24,19.78,10.92
197,Lebu,0,CL,1584490021,83,-37.62,-73.65,57.31,8.19
198,Korla,40,CN,1584490382,56,41.76,86.15,39.0,1.48
199,Lichinga,56,MZ,1584490384,92,-13.31,35.24,66.87,2.77
200,Sovetskiy,0,RU,1584490385,86,61.36,63.58,20.73,10.0
201,Puri,0,IN,1584490386,83,19.8,85.85,77.0,3.36
202,Yermakovskoye,98,RU,1584490388,82,53.28,92.4,24.31,9.13
203,Gwanda,99,ZW,1584490389,83,-20.93,29.0,63.57,10.22
204,Palmer,40,US,1584490390,70,42.16,-72.33,46.99,12.75
205,Zlobin,69,HR,1584490391,79,45.29,14.65,48.0,1.01
206,Aracati,58,BR,1584490393,84,-4.56,-37.77,77.18,4.0
207,Nichinan,75,JP,1584490394,62,31.6,131.37,59.0,12.75
208,Saint Paul Harbor,1,US,1584490395,70,57.79,-152.41,44.6,13.87
209,Chongwe,20,ZM,1584490396,93,-15.33,28.68,64.4,2.24
210,Aquiraz,71,BR,1584490256,78,-3.9,-38.39,82.99,4.7
211,Denpasar,20,ID,1584490399,83,-8.65,115.22,82.4,3.36
212,Chicama,75,PE,1584490400,83,-7.84,-79.15,73.4,9.17
213,Bilibino,100,RU,1584490401,92,68.05,166.44,18.16,7.58
214,Mayumba,100,GA,1584490403,84,-3.43,10.66,80.69,9.95
215,Te Anau,3,NZ,1584490404,56,-45.42,167.72,55.09,3.67
216,Harsīn,81,IR,1584490405,44,34.27,47.59,57.2,18.34
217,Port Blair,100,IN,1584490406,72,11.67,92.75,82.33,7.27
218,Rawson,0,AR,1584490147,65,-43.3,-65.1,60.44,8.46
219,Manitouwadge,80,CA,1584490409,88,49.12,-85.84,14.25,4.05
220,Waingapu,0,ID,1584490410,72,-9.66,120.26,84.51,11.34
221,Tashtyp,100,RU,1584490411,88,52.79,89.9,27.9,3.36
222,Gobabis,64,NA,1584490412,82,-22.45,18.97,68.0,1.12
223,Nishihara,75,JP,1584490066,68,26.18,127.76,66.2,5.82
224,Coahuayana Viejo,40,MX,1584490415,54,18.73,-103.68,80.6,17.22
225,Tuatapere,18,NZ,1584490123,74,-46.13,167.68,57.0,5.01
226,Fortuna,90,US,1584489896,87,40.6,-124.16,48.2,11.41
227,Klaksvík,43,FO,1584490419,67,62.23,-6.59,33.8,25.28
228,Namatanai,100,PG,1584490017,71,-3.67,152.43,84.06,4.34
229,Oxelösund,90,SE,1584490421,81,58.67,17.1,44.6,14.99
230,Tazovsky,100,RU,1584490422,95,67.47,78.7,19.92,10.69
231,Kahului,75,US,1584490424,69,20.89,-156.47,75.2,29.97
232,Nova Olinda do Norte,98,BR,1584490425,77,-3.89,-59.09,79.86,1.99
233,Codrington,100,AU,1584490426,57,-38.27,141.97,67.62,14.12
234,San Quintín,45,MX,1584490427,55,30.48,-115.95,60.22,7.45
235,Paamiut,96,GL,1584490131,53,61.99,-49.67,11.71,13.31
236,Vardø,75,NO,1584490430,92,70.37,31.11,24.8,8.05
237,Leningradskiy,100,RU,1584490431,79,69.38,178.42,29.23,7.43
238,Henties Bay,0,NA,1584490432,95,-22.12,14.28,62.01,5.3
239,Kharan,0,PK,1584490433,27,28.58,65.42,65.55,2.51
240,Bengkulu,69,ID,1584490435,90,-3.8,102.27,74.41,3.76
241,La Ronge,40,CA,1584490149,42,55.1,-105.28,6.8,6.93
242,Hede,6,CN,1584490437,78,33.77,120.25,51.57,8.81
243,Barrow,1,US,1584490439,85,71.29,-156.79,12.2,13.87
244,Kapoeta,100,SS,1584490440,54,4.77,33.59,80.91,5.06
245,Nassau,40,US,1584490441,71,40.75,-73.58,54.0,11.41
246,Kirakira,77,SB,1584490442,69,-10.45,161.92,84.54,3.47
247,Carutapera,0,BR,1584490443,80,-1.2,-46.02,82.02,12.24
248,Baripāda,0,IN,1584490445,49,21.93,86.72,68.76,3.6
249,Whitecourt,75,CA,1584490446,50,54.15,-115.69,28.4,12.75
250,Peniche,0,PT,1584490447,87,39.36,-9.38,59.0,15.68
251,Saint Anthony,40,US,1584490449,45,45.02,-93.22,43.0,9.17
252,Torbay,75,CA,1584490016,73,47.67,-52.73,28.0,24.16
253,Kununurra,0,AU,1584490451,70,-15.77,128.73,86.0,3.36
254,Boone,90,US,1584490453,87,39.03,-92.33,52.0,6.93
255,Riviere-au-Renard,75,CA,1584490454,74,49.0,-64.4,30.2,11.41
256,Tevriz,79,RU,1584490455,94,57.51,72.4,28.54,12.91
257,Córdoba,90,AR,1584490456,93,-31.41,-64.18,64.4,12.75
258,Guerrero,85,MX,1584490457,62,17.67,-100.0,67.39,4.65
259,Omboué,97,GA,1584490459,94,-1.57,9.26,75.49,1.79
260,Tautira,40,PF,1584490460,66,-17.73,-149.15,89.6,8.05
261,Esil,1,KZ,1584490461,93,51.96,66.4,15.69,9.35
262,Mamontovo,93,RU,1584490462,87,52.71,81.62,24.04,10.6
263,Kapiri Mposhi,94,ZM,1584490464,98,-13.97,28.68,62.1,3.47
264,Alpena,1,US,1584490465,43,45.06,-83.43,34.0,5.82
265,Yerofey Pavlovich,100,RU,1584490466,91,53.97,121.97,26.49,3.33
266,Bonthe,0,SL,1584490467,83,7.53,-12.51,80.55,8.03
267,Krutinka,95,RU,1584490469,91,56.01,71.51,27.73,18.5
268,Salekhard,0,RU,1584490470,85,66.53,66.6,13.86,14.65
269,Bend,1,US,1584490337,46,44.06,-121.32,50.0,9.17
270,Susuman,48,RU,1584490472,73,62.78,148.17,-7.02,4.05
271,Saint-Paul,37,RE,1584490474,83,-21.01,55.27,75.2,6.93
272,Río Tercero,27,AR,1584490475,91,-32.17,-64.11,68.31,12.64
273,Bilma,0,NE,1584490476,9,18.69,12.92,73.4,9.51
274,Morrisburg,90,CA,1584490477,69,44.9,-75.18,39.99,11.41
275,Carnarvon,100,AU,1584490479,68,-24.87,113.63,71.6,13.87
276,Boa Vista,63,BR,1584490480,43,2.82,-60.67,91.4,10.29
277,Mogadishu,4,SO,1584490481,81,2.04,45.34,82.67,19.53
278,Goundi,96,TD,1584490482,17,9.36,17.37,79.09,3.29
279,Payo,96,ID,1584490484,97,-3.75,103.64,69.22,1.61
280,Sibolga,76,ID,1584490485,78,1.74,98.78,68.72,3.71
281,Tiarei,40,PF,1584490486,66,-17.53,-149.33,89.6,8.05
282,Shingū,0,JP,1584490488,44,33.73,135.98,57.2,11.41
283,Camargo,100,MX,1584490489,42,27.67,-105.17,69.22,7.94
284,San Patricio,40,MX,1584490490,78,19.22,-104.7,82.4,11.41
285,Nālūt,20,LY,1584490491,38,30.33,10.85,64.89,29.51
286,Margate,67,GB,1584490492,93,51.38,1.39,48.0,12.75
287,Matara,100,LK,1584490494,76,5.95,80.54,77.32,11.56
288,Tura,0,IN,1584490029,44,25.52,90.22,64.8,2.66
289,Rāyagada,0,IN,1584490496,72,19.17,83.42,72.57,1.63
290,Hutchinson,90,US,1584490474,76,38.06,-97.93,52.0,10.29
291,Rio Grande,83,BR,1584490433,78,-32.03,-52.1,72.0,5.01
292,Mount Gambier,90,AU,1584490352,35,-37.83,140.77,73.4,13.87
293,Isangel,75,VU,1584490501,70,-19.55,169.27,86.0,6.93
294,Weihai,0,CN,1584490502,53,37.5,122.11,50.07,18.34
295,Ségou,100,ML,1584490503,18,13.43,-6.22,83.82,6.17
296,Laguna,20,US,1584490505,100,38.42,-121.42,60.01,3.36
297,Portland,1,US,1584490281,54,45.52,-122.68,62.01,11.41
298,Brownsville,1,US,1584490379,65,25.9,-97.5,82.4,19.46
299,Qui Nhon,95,VN,1584490422,78,13.77,109.23,74.05,3.67
300,Giyani,25,ZA,1584490510,82,-23.3,30.72,63.93,5.17
301,Merauke,67,ID,1584490511,70,-8.47,140.33,84.07,6.17
302,Taltal,0,CL,1584490512,89,-25.4,-70.48,59.04,3.15
303,Huittinen,75,FI,1584490514,93,61.18,22.7,39.2,10.29
304,Kjøllefjord,92,NO,1584490515,91,70.95,27.35,22.71,6.02
305,Teodoro Sampaio,34,BR,1584490516,86,-22.53,-52.17,75.56,2.62
306,Snyder,90,US,1584490518,100,32.72,-100.92,60.8,8.05
307,Pullman,1,US,1584490519,43,46.73,-117.18,55.99,8.05
308,Daru,68,PG,1584490520,67,-9.08,143.21,85.55,5.93
309,Talara,33,PE,1584490522,87,-4.58,-81.27,78.17,7.92
310,Takapau,100,NZ,1584490523,55,-40.03,176.35,64.0,1.99
311,Calvinia,0,ZA,1584490524,47,-31.47,19.78,55.36,2.66
312,Pangai,75,TO,1584490525,94,-19.8,-174.35,82.4,9.17
313,Ovsyanka,100,RU,1584490526,58,55.96,92.55,28.4,6.71
314,Ayní,70,TJ,1584490528,78,39.39,68.54,31.44,3.49
315,Macapá,19,BR,1584490371,94,0.04,-51.07,80.6,8.05
316,Zilair,63,RU,1584490530,94,52.23,57.44,17.8,5.59
317,North Platte,90,US,1584490531,80,41.12,-100.77,39.99,9.17
318,Lusambo,100,CD,1584490536,99,-4.97,23.45,68.61,0.83
319,Richards Bay,100,ZA,1584490537,70,-28.78,32.04,71.44,21.14
320,Jieshi,78,CN,1584490538,81,22.81,115.83,68.0,4.76
321,Conceição da Barra,0,BR,1584490539,78,-18.59,-39.73,81.27,13.31
322,Vestmannaeyjar,52,IS,1584490540,79,63.44,-20.27,33.85,10.38
323,Alekseyevka,66,RU,1584490542,65,50.63,38.69,32.74,4.68
324,Hualmay,100,PE,1584490058,70,-11.1,-77.61,73.26,6.13
325,Salinópolis,72,BR,1584490544,81,-0.61,-47.36,82.24,11.83
326,Challapata,64,BO,1584490545,70,-18.9,-66.77,53.04,9.33
327,Forsytheganj,20,BY,1584490547,92,52.63,29.73,34.77,5.79
328,Māngrol,0,IN,1584490548,55,21.12,70.12,77.67,10.83
329,Kāzerūn,61,IR,1584490549,62,29.62,51.65,60.91,7.18
330,Ihosy,7,MG,1584490551,98,-22.4,46.12,63.01,5.01
331,Warrington,75,GB,1584490552,87,53.39,-2.58,55.0,18.34
332,Nur-Sultan,90,KZ,1584490275,92,51.18,71.45,26.6,17.9
333,Los Llanos de Aridane,40,ES,1584490554,77,28.66,-17.92,60.8,13.87
334,Coquimbo,20,CL,1584490296,82,-29.95,-71.34,60.8,9.17
335,Hervey Bay,27,AU,1584490557,57,-25.3,152.85,75.2,16.11
336,Deputatsky,33,RU,1584490326,90,69.3,139.9,-17.75,6.69
337,Kitimat,20,CA,1584490288,34,54.05,-128.65,50.0,9.17
338,Dābhol,14,IN,1584490561,62,17.6,73.17,81.84,13.09
339,Sur,0,OM,1584490562,50,22.57,59.53,65.82,3.71
340,Rome,90,US,1584490325,60,43.21,-75.46,42.8,14.99
341,Santa Maria,0,BR,1584490503,69,-29.68,-53.81,78.8,13.87
342,Luau,100,AO,1584490566,97,-10.71,22.22,65.8,4.7
343,Ahipara,0,NZ,1584490073,55,-35.17,173.17,62.74,12.01
344,Huarmey,61,PE,1584490568,65,-10.07,-78.15,74.5,4.74
345,Atar,96,MR,1584490569,23,20.52,-13.05,66.67,8.19
346,Puerto Cabezas,75,NI,1584490571,88,14.04,-83.39,80.6,6.93
347,Vanimo,59,PG,1584490572,74,-2.67,141.3,82.31,8.46
348,Puerto Colombia,20,CO,1584490573,69,10.99,-74.95,80.6,18.34
349,Srednekolymsk,82,RU,1584490010,91,67.45,153.68,-6.99,9.64
350,Tateyama,20,JP,1584490576,54,34.98,139.87,59.0,10.29
351,São Lourenço do Sul,81,BR,1584490577,79,-31.37,-51.98,72.0,4.0
352,San Cristobal,40,VE,1584490578,58,7.77,-72.22,84.2,4.7
353,Popondetta,97,PG,1584490580,74,-8.75,148.25,79.0,2.64
354,Hamada,40,JP,1584490445,76,34.88,132.08,53.6,5.82
355,Aklavik,75,CA,1584490582,67,68.22,-135.01,23.0,2.24
356,Chinsali,100,ZM,1584490584,97,-10.54,32.08,64.53,1.92
357,Coihueco,0,CL,1584490585,33,-36.62,-71.83,75.2,8.05
358,Bafoulabé,0,ML,1584490586,13,13.81,-10.83,82.02,5.7
359,Wenling,100,CN,1584490587,89,28.37,121.36,59.0,1.99
360,Dickinson,1,US,1584490589,73,29.46,-95.05,78.8,12.75
361,Ashington,75,GB,1584490590,93,50.93,-0.39,51.01,10.29
362,Yeppoon,20,AU,1584490591,57,-23.13,150.73,77.0,12.75
363,Dubovskoye,34,RU,1584490592,66,47.41,42.76,35.53,4.43
364,Salas,90,ES,1584490594,87,43.41,-6.26,51.8,3.36
365,Vercelli,0,IT,1584490375,70,45.32,8.42,51.01,4.7
366,Whitefish,1,US,1584490596,27,48.41,-114.34,50.0,16.11
367,Shubarshi,76,KZ,1584490493,79,48.59,57.19,30.56,1.83
368,Padang,51,ID,1584490599,87,-0.95,100.35,68.97,5.1
369,Perth,20,AU,1584490435,59,-31.93,115.83,68.0,6.93
370,Raudeberg,100,NO,1584490601,80,61.99,5.14,41.0,14.99
371,Buarcos,0,PT,1584490603,87,40.17,-8.88,60.01,14.43
372,Pravokumskoye,97,RU,1584490604,58,44.77,44.65,34.56,5.01
373,Safi,65,MA,1584490364,89,32.3,-9.24,48.78,6.73
374,Daniel Flores,97,CR,1584490606,92,9.34,-83.67,55.98,5.03
375,Manacapuru,40,BR,1584490434,94,-3.3,-60.62,80.6,1.12
376,Arman',100,RU,1584490609,86,59.7,150.17,11.82,7.47
377,Vostok,37,RU,1584490610,87,46.49,135.88,25.74,5.5
378,Gossaigaon,0,IN,1584490612,52,26.45,89.99,64.89,4.7
379,Nizhneudinsk,15,RU,1584490613,91,54.91,99.03,15.39,5.99
380,Leh,100,IN,1584490614,76,34.17,77.58,9.57,2.84
381,Joshīmath,0,IN,1584490615,34,30.57,79.57,32.29,9.82
382,Bauchi,82,NG,1584490617,10,10.5,10.0,72.79,5.14
383,Uíge,100,AO,1584490618,99,-7.61,15.06,68.4,1.28
384,Podporozh'ye,96,RU,1584490619,94,60.91,34.17,34.95,14.43
385,Boguchany,95,RU,1584490620,91,58.38,97.45,8.08,4.92
386,Khovd,0,MN,1584490622,48,48.01,91.64,25.92,2.17
387,Tomatlán,0,MX,1584490623,51,19.93,-105.25,81.54,6.89
388,Saint-Joseph,75,RE,1584490624,88,-21.37,55.62,75.2,6.93
389,Coyhaique,0,CL,1584490626,58,-45.58,-72.07,57.2,5.41
390,Nabire,100,ID,1584490627,90,-3.37,135.48,76.78,0.43
391,Buchanan,75,LR,1584490628,94,5.88,-10.05,80.6,8.05
392,Srīvardhan,46,IN,1584490629,48,18.03,73.02,80.2,7.56
393,Shashi,21,CN,1584490631,76,30.31,112.24,57.99,5.79
394,Fare,95,PF,1584490632,68,-16.7,-151.02,83.82,7.36
395,Hambantota,100,LK,1584490344,80,6.12,81.12,78.75,10.45
396,Lavrentiya,100,RU,1584490635,92,65.58,-171.0,30.79,11.74
397,Chu,15,KZ,1584490636,82,43.6,73.76,49.5,1.14
398,Pamanukan,75,ID,1584490603,84,-6.28,107.81,78.37,2.57
399,Sinnamary,39,GF,1584490639,78,5.38,-52.95,80.67,13.91
400,Saint-Augustin,100,CA,1584490640,85,51.23,-58.65,27.45,21.77
401,Ulladulla,0,AU,1584490641,64,-35.35,150.47,72.0,8.05
402,Tefé,75,BR,1584490642,88,-3.35,-64.71,78.8,4.7
403,Marsh Harbour,7,BS,1584490644,70,26.54,-77.06,72.16,8.81
404,Cabra,26,ES,1584490645,67,37.47,-4.44,59.0,11.41
405,Lamu,100,KE,1584490501,76,-2.27,40.9,84.33,13.94
406,Adrar,83,MR,1584490647,27,20.5,-10.07,67.59,11.16
407,Clyde River,90,CA,1584490649,68,70.47,-68.59,-16.6,12.75
408,Parintins,100,BR,1584490492,79,-2.63,-56.74,80.13,1.77
409,Esperance,65,AU,1584490651,82,-33.87,121.9,59.0,13.87
410,Lerwick,45,GB,1584490652,93,60.15,-1.15,37.4,19.46
411,Khāsh,7,IR,1584490653,34,28.22,61.22,58.32,4.03
412,Mandsaur,19,IN,1584490655,31,24.07,75.07,65.28,7.43
413,Virginia Beach,20,US,1584490398,67,36.85,-75.98,64.4,5.82
414,Kaka,100,TM,1584490657,72,37.35,59.61,55.94,9.06
415,Yulara,0,AU,1584490601,28,-25.24,130.99,82.4,10.29
416,Samarai,38,PG,1584490598,74,-10.62,150.67,82.38,5.57
417,Kerman,60,IR,1584490661,37,30.28,57.08,50.0,6.93
418,Port-Gentil,40,GA,1584490662,83,-0.72,8.78,84.2,10.29
419,Atambua,5,ID,1584490663,76,-9.11,124.89,79.45,1.3
420,Husavik,90,IS,1584490449,95,66.04,-17.34,32.0,28.86
421,Ponta Delgada,20,PT,1584490666,82,37.73,-25.67,55.4,3.91
422,Alice Springs,0,AU,1584490667,30,-23.7,133.88,82.4,11.41
423,Trelew,4,AR,1584490668,64,-43.25,-65.31,56.48,7.45
424,Zhaotong,93,CN,1584490669,77,27.32,103.72,39.76,2.82
425,Banda Aceh,67,ID,1584490671,81,5.56,95.32,73.47,4.76
426,Necochea,100,AR,1584490672,90,-38.55,-58.74,64.0,1.72
427,Narsaq,14,GL,1584490646,39,60.92,-46.05,12.2,5.82
428,Siljan,73,NO,1584490674,81,59.29,9.71,42.8,10.29
429,Brae,39,GB,1584490676,86,60.4,-1.35,37.4,14.99
430,Lodwar,100,KE,1584490677,55,3.12,35.6,83.64,2.35
431,Caconda,100,AO,1584490678,98,-13.73,15.07,61.54,4.59
432,Kamaishi,75,JP,1584490679,93,39.27,141.88,39.2,2.24
433,Ribeira Brava,40,PT,1584490681,67,32.65,-17.07,59.0,16.11
434,Iqaluit,90,CA,1584490682,85,63.75,-68.51,15.8,12.75
435,Pathalgaon,5,IN,1584490683,41,22.57,83.47,67.14,5.14
436,St. George's,20,GD,1584490578,78,12.06,-61.75,78.8,6.93
437,Conde,30,BR,1584490686,83,-7.26,-34.91,80.6,6.93
438,Mossamedes,100,AO,1584490667,80,-15.2,12.15,73.47,4.16
439,Arica,90,CL,1584490688,83,-18.48,-70.3,75.2,9.17
440,Morondava,0,MG,1584490690,90,-20.28,44.28,72.03,3.22
441,Mbekenyera,100,TZ,1584490691,95,-10.0,38.98,69.42,2.26
442,La Santisima Trinidad,75,BO,1584490658,83,-14.83,-64.9,82.4,2.17
443,Camden,90,US,1584490518,66,39.78,-74.97,55.99,8.05
444,Pāli,0,IN,1584490695,30,25.77,73.33,68.49,8.75
445,Pāvilosta,77,LV,1584490696,93,56.89,21.19,42.8,11.41
446,North Bend,90,US,1584490697,87,43.41,-124.22,54.0,8.05
447,Mil'kovo,100,RU,1584490698,88,54.72,158.62,13.28,3.89
448,Uvinza,100,TZ,1584490700,99,-5.1,30.39,65.57,3.27
449,Saint-Leu,90,RE,1584490701,94,-21.15,55.28,75.2,5.82
450,Mangan,41,IN,1584490702,42,27.52,88.53,41.68,5.86
451,Khor,96,RU,1584490704,93,47.89,134.95,24.69,9.75
452,Evanston,75,US,1584490705,38,42.04,-87.69,45.0,10.29
453,Dunedin,0,NZ,1584490706,50,-45.87,170.5,62.01,7.0
454,Eydhafushi,94,MV,1584490707,78,5.1,73.07,84.25,17.6
455,Alekseyevsk,100,RU,1584490708,96,57.84,108.35,6.82,3.51
456,Muros,0,ES,1584490590,87,42.78,-9.06,59.0,8.05
457,Ialibu,40,PG,1584490711,77,-6.28,143.99,68.0,4.7
458,Onguday,100,RU,1584490712,60,50.75,86.15,26.17,11.99
459,Narrabri,0,AU,1584490544,56,-30.32,149.78,73.0,3.36
460,Palm Coast,1,US,1584490715,78,29.59,-81.21,75.99,10.29
461,Leshukonskoye,100,RU,1584490716,85,64.9,45.76,27.63,11.07
462,Kostrzyn,86,PL,1584490717,87,52.4,17.23,48.0,4.7
463,Batagay-Alyta,100,RU,1584490718,96,67.8,130.41,-10.16,1.77
464,Zheleznodorozhnyy,26,RU,1584490720,59,55.75,38.0,37.4,6.71
465,Vao,62,NC,1584490590,74,-22.67,167.48,77.05,18.48
466,Kargasok,82,RU,1584490722,89,59.06,80.86,24.04,24.18
467,Sharan,98,RU,1584490723,93,54.82,54.0,30.61,7.43
468,Puerto Madryn,0,AR,1584490516,63,-42.77,-65.04,56.95,6.62
469,Tabory,45,RU,1584490726,88,58.52,64.55,22.5,8.03
470,Mahabad,90,IR,1584490727,81,36.76,45.72,45.07,1.66
471,Hong Kong,40,HK,1584490385,73,22.29,114.16,71.01,9.17
472,Kushmurun,0,KZ,1584490729,88,52.45,64.63,18.63,8.86
473,Faya,40,SA,1584490643,87,18.39,42.45,62.6,10.29
474,Agirish,0,RU,1584490732,89,61.92,63.02,19.27,9.66
475,Taoudenni,92,ML,1584490653,11,22.68,-3.98,74.73,7.58
476,Seoul,1,KR,1584490611,81,37.57,126.98,44.6,3.13
477,Grand-Santi,100,GF,1584490736,60,4.25,-54.38,82.58,6.15
478,Liverpool,75,GB,1584490652,87,53.41,-2.98,55.0,18.34
479,Yantal',100,RU,1584490738,98,56.85,105.25,5.36,3.33
480,Ixtapa,90,MX,1584490739,78,20.7,-105.2,77.0,12.75
481,Mokhsogollokh,91,RU,1584490740,92,61.47,128.92,4.24,4.43
482,Koulikoro,87,ML,1584490742,12,14.0,-7.75,81.52,10.29
483,Ikere,99,NG,1584490743,96,7.49,5.23,74.71,3.85
484,Rāmtek,40,IN,1584490744,88,21.4,79.33,69.8,2.24
485,Cayenne,6,GF,1584490433,83,4.93,-52.33,78.8,2.24
486,Emba,59,KZ,1584490722,85,48.83,58.14,23.38,5.73
487,Lázaro Cárdenas,0,MX,1584490457,67,17.96,-102.2,80.65,7.76
488,Ürümqi,100,CN,1584490749,39,43.8,87.6,46.4,8.95
489,Buala,8,SB,1584490750,72,-8.14,159.59,84.34,4.03
490,Vila Velha,40,BR,1584490714,83,-20.33,-40.29,80.6,4.7
491,Ust'-Barguzin,53,RU,1584490753,85,53.45,108.98,12.61,4.45
492,Burayevo,77,RU,1584490754,95,55.84,55.41,22.75,7.81
493,São Miguel do Araguaia,54,BR,1584490755,90,-13.28,-50.16,74.46,0.65
494,Lufilufi,68,WS,1584490756,70,-13.87,-171.6,81.32,7.31
495,Westport,20,US,1584490740,75,41.14,-73.36,53.01,5.82
496,Toamasina,75,MG,1584490759,94,-18.17,49.38,75.2,11.41
497,Tiznit Province,100,MA,1584490760,86,29.58,-9.5,47.1,12.93
498,Kang,0,BW,1584490762,63,-23.68,22.79,68.22,12.59
499,Imbituba,75,BR,1584490763,69,-28.24,-48.67,73.4,2.24
500,Mīzan Teferī,100,ET,1584490724,87,6.98,35.58,65.16,5.21
501,Ambanja,6,MG,1584490765,88,-13.68,48.45,76.1,3.2
502,Kavaratti,29,IN,1584490738,68,10.57,72.64,82.62,5.66
503,Chapais,40,CA,1584490668,73,49.78,-74.85,21.2,13.87
504,Roald,100,NO,1584490724,86,62.58,6.13,39.2,24.16
505,Zharkent,67,KZ,1584490770,35,44.16,80.0,49.71,2.98
506,Lorengau,100,PG,1584490701,76,-2.02,147.27,83.25,7.56
507,Bassila,85,BJ,1584490773,44,9.01,1.67,83.12,5.84
508,Jinka,95,ET,1584490774,75,5.65,36.65,70.54,3.31
509,Murmashi,75,RU,1584490775,92,68.82,32.81,26.6,4.47
510,Béziers,0,FR,1584490608,93,43.35,3.22,51.01,2.24
511,Port Keats,2,AU,1584490778,53,-14.25,129.55,85.86,8.79
512,Along,33,IN,1584490779,78,28.17,94.77,53.13,4.81
513,Ca Mau,88,VN,1584490765,74,9.18,105.15,79.88,5.53
514,Kumluca,0,TR,1584490781,35,36.37,30.29,40.87,7.63
515,Kutum,0,SD,1584490736,23,14.2,24.67,58.78,3.89
516,Naze,98,JP,1584490650,63,28.37,129.48,64.4,4.7
517,Kiyasovo,28,RU,1584490785,92,56.35,53.12,28.0,5.75
518,São Filipe,71,CV,1584490726,77,14.9,-24.5,67.32,16.78
519,Sulangan,69,PH,1584490788,77,11.14,123.72,80.17,10.96
520,Arrondissement de Carpentras,0,FR,1584490789,75,44.08,5.17,48.0,3.36
521,Linhares,1,BR,1584490535,93,-19.39,-40.07,73.49,1.63
522,Nuuk,75,GL,1584490701,48,64.18,-51.72,19.4,12.75
523,Verāval,0,IN,1584490793,48,20.9,70.37,69.13,6.53
524,La Palma,1,US,1584490794,41,33.85,-118.05,62.6,4.7
525,Samarinda,24,ID,1584490586,79,-0.5,117.15,79.77,4.59
526,Fallon,75,US,1584490796,28,39.47,-118.78,46.4,13.87
527,Salalah,75,OM,1584490685,73,17.02,54.09,77.0,5.82
528,Bondoukou,59,CI,1584490799,74,8.03,-2.8,79.56,5.5
529,Micheweni,100,TZ,1584490800,75,-4.97,39.83,83.57,4.97
530,Ajdabiya,0,LY,1584490802,54,30.76,20.23,60.19,14.92
531,Staryy Nadym,94,RU,1584490803,85,65.61,72.68,16.84,16.73
532,Synya,89,RU,1584490804,92,65.37,58.04,19.0,10.22
533,Malakal,8,SS,1584490806,14,9.53,31.66,81.21,9.31
534,Tsévié,20,TG,1584490807,88,6.43,1.21,82.4,11.41
535,La Orilla,0,MX,1584490808,67,17.98,-102.23,80.65,7.76
536,Basco,100,PH,1584490809,74,20.45,121.97,73.92,15.93
537,Uruguaiana,7,BR,1584490811,70,-29.75,-57.09,84.2,8.05
538,Abu Dhabi,0,AE,1584490812,60,24.47,54.37,75.99,5.82
539,Mocuba,51,MZ,1584490813,98,-16.84,36.99,70.2,4.7
540,Lata,0,PT,1584490814,87,40.16,-8.33,60.01,5.46
541,Acará,87,BR,1584490737,97,-1.96,-48.2,74.53,3.04
542,Yārāda,40,IN,1584490817,88,17.65,83.27,77.0,2.24
543,Marshfield,1,US,1584490818,41,44.67,-90.17,41.0,4.7
544,Todos Santos,75,MX,1584490819,29,23.45,-110.22,78.8,6.93
545,Praia da Vitória,20,PT,1584490674,77,38.73,-27.07,62.6,13.96
546,Galle,100,LK,1584490822,75,6.04,80.22,80.73,17.25
547,Concepción de Buenos Aires,75,MX,1584490823,23,19.97,-103.27,82.4,13.87
548,Portsmouth,75,GB,1584490824,93,50.8,-1.09,50.0,17.22
549,Dagana,39,MR,1584490826,28,16.52,-15.51,82.4,4.7
550,Sidi Ali,17,DZ,1584490827,86,36.1,0.42,54.73,5.32
551,Miles City,1,US,1584490828,52,46.41,-105.84,43.0,17.22
552,Machilipatnam,0,IN,1584490829,91,16.17,81.13,73.31,2.8
553,Mpongwe,100,ZM,1584490831,98,-13.51,28.16,63.88,4.0
554,Macenta,48,GN,1584490832,93,8.54,-9.47,72.19,1.63
555,Mount Isa,0,AU,1584490620,35,-20.73,139.5,84.2,12.75
556,Bagotville,26,AU,1584490834,69,-28.98,153.42,73.4,11.41
557,Ariquemes,100,BR,1584490804,88,-9.91,-63.04,77.52,1.99
558,Merrill,1,US,1584490837,47,45.18,-89.68,37.4,6.93
559,Aksu,25,CN,1584490658,30,41.12,80.26,43.07,5.19
560,Mayo,90,US,1584490697,58,38.89,-76.51,61.0,5.82
561,Igrim,0,RU,1584490841,88,63.19,64.42,17.56,10.56
562,Port Augusta,0,AU,1584490842,25,-32.5,137.77,84.99,17.22
563,Nakamura,4,JP,1584490843,56,32.98,132.93,57.65,2.42
564,Ust-Nera,47,RU,1584490844,94,64.57,143.2,-13.5,3.22
565,Parksville,75,CA,1584490846,50,49.32,-124.32,55.4,3.36
566,Bagn,9,NO,1584490847,75,60.82,9.55,28.99,1.01
567,Xinmin,74,CN,1584490848,25,41.99,122.83,53.6,11.18
568,Coari,100,BR,1584490849,96,-4.08,-63.14,76.12,1.54
569,Mozelos,1,PT,1584490851,76,41.87,-8.4,60.01,2.24
570,Eshowe,100,ZA,1584490852,73,-28.89,31.47,63.81,11.74
571,Sept-Îles,90,CA,1584490745,100,50.2,-66.38,28.0,16.11
